Date,LogReturn,PredictedVolatility
2020-11-23,0.024369855618361136,0.06879486447699264
2020-11-24,-0.014094193040157244,0.06633949853822466
2020-11-25,0.006064708615566516,0.06401507146872625
2020-11-27,0.04507227075042586,0.061555289671532315
2020-11-30,0.004285577801743656,0.06027259753302724
2020-12-01,0.0036701680803847836,0.05798348294078595
2020-12-02,-0.10787232847298167,0.05580056387445361
2020-12-03,0.010896285322559152,0.06263680633439388
2020-12-04,0.06443705495109153,0.060259483749190115
2020-12-07,0.06293288872938252,0.060353229595813206
2020-12-08,0.009457607690873893,0.06032170131743231
2020-12-09,-0.022599831917241353,0.05804096694561771
2020-12-10,0.019265281770085352,0.05641807484632012
2020-12-11,-0.008520861995338969,0.054448192698338116
2020-12-14,-0.028633419342384947,0.0525758657554313
2020-12-15,0.020000272197682634,0.05155845270548475
2020-12-16,0.019033456598900322,0.04984540857170785
2020-12-17,0.041398162041573094,0.048196256347551515
2020-12-18,-0.021367143281432632,0.04758407761733856
2020-12-21,0.04537890371286135,0.046513681425939035
2020-12-22,0.04533155272588818,0.046286204231749443
2020-12-23,-0.07668665507321837,0.04607305374988912
2020-12-24,0.01729403678937569,0.050206871886315424
2020-12-28,-0.08831276846987457,0.048502459887146264
2020-12-29,-0.003904387430064382,0.05382387001141392
2020-12-30,-0.000678845987934551,0.051898852410239664
2020-12-31,-0.04409957638051676,0.050026334935670096
2021-01-04,-0.013745198643976053,0.05022578182644627
2021-01-05,0.0785602533051728,0.04870759933755863
2021-01-06,-0.01876005335048081,0.05136064365966751
2021-01-07,0.07423895724723639,0.04995836539695566
2021-01-08,0.030188220223153373,0.05197663486131268
2021-01-11,-0.015600149874677172,0.05056461849198848
2021-01-12,0.0508846456227694,0.04908978877197968
2021-01-13,0.0034263795267319708,0.04905697392723847
2021-01-14,0.025246112776996732,0.04729231918563495
2021-01-15,-0.03169327549003409,0.04595677806860602
2021-01-19,-0.04469521119568132,0.045575417183273334
2021-01-20,-0.018793681907347093,0.046225269460673825
2021-01-21,0.009844667751065295,0.04512082331810402
2021-01-22,0.003369843121550531,0.043560558861495575
2021-01-25,-0.0024163444428850767,0.042062164189985214
2021-01-26,-0.042991605690045454,0.04069456704879756
2021-01-27,-0.08802419390776173,0.041672902061640274
2021-01-28,0.0674567236254946,0.04824148127671188
2021-01-29,0.020031605613546333,0.04974902470538047
2021-02-01,0.011609669252345078,0.048128463391760926
2021-02-02,0.06025056030567377,0.046438410214579624
2021-02-03,0.011196658798706238,0.04743503454583639
2021-02-04,0.0025336959748631926,0.04577431019098865
2021-02-05,0.012642481720898324,0.04417146849759886
2021-02-08,3.470354497014938e-05,0.04268891744933005
2021-02-09,0.01634951316840816,0.04125773646718454
2021-02-10,0.01699316498732273,0.039990959367689406
2021-02-11,-0.012122997847409778,0.03880669462096372
2021-02-12,0.005792797241817915,0.03787144192115686
2021-02-16,0.0006753334715563497,0.036654960399718856
2021-02-17,-0.00216267444817575,0.03552669107666818
2021-02-18,-0.0007106479038858637,0.03449924789980552
2021-02-19,0.044169128656415424,0.03350432061540025
2021-02-22,-0.09080521641091543,0.0343367353440666
2021-02-23,-0.00594085808405076,0.04310417097435964
2021-02-24,0.016525207530357022,0.04174903483788112
2021-02-25,-0.07761823745926222,0.04046023339109282
2021-02-26,0.07255172883798355,0.045686655070837606
2021-03-01,0.09553462150653491,0.04804076208110891
2021-03-02,0.009317828599907152,0.05294268126191447
2021-03-03,-0.08865280609473203,0.051003529507658636
2021-03-04,-0.06502684590406727,0.0559522570108224
2021-03-05,-0.031797685797093855,0.057464962266177116
2021-03-08,-0.08100223085460634,0.056306555713453076
2021-03-09,0.07671070767683297,0.059509782812324684
2021-03-10,0.00011519189061814927,0.060741306328004376
2021-03-11,0.0617509959029654,0.058449251908936774
2021-03-12,0.034239592521693396,0.058482081468854294
2021-03-15,-0.007808846473777997,0.056868859627261716
2021-03-16,-0.002851562369505345,0.054863862103676726
2021-03-17,0.009229269097819959,0.05287503446790239
2021-03-18,-0.08553901523350937,0.05093851927171831
2021-03-19,0.024097551579060017,0.055479476013593855
2021-03-22,0.01730720373743022,0.0536741541714269
2021-03-23,0.000912258998843285,0.05179950192175112
2021-03-24,-0.08095192442622867,0.04991809487052965
2021-03-25,0.013786279110034272,0.05401572692841825
2021-03-26,0.010245355063511319,0.052068965198722665
2021-03-29,-0.04054050261128861,0.0501775320904663
2021-03-30,0.02301327690232835,0.0500905193934747
2021-03-31,0.030569221079356446,0.04853276247452352
2021-04-01,0.01106658758742185,0.047334330633664407
2021-04-05,0.007547205635383136,0.04567718344680936
2021-04-06,0.03769737833991105,0.04407577466060388
2021-04-07,-0.037809605487776565,0.04352863399789252
2021-04-08,0.01374719773482802,0.04378777770065852
2021-04-09,0.0011063987851853696,0.042340916654450014
2021-04-12,-0.007473489222390661,0.04091696078849122
2021-04-13,0.02721829592141134,0.03971483968072521
2021-04-14,-0.0242147895754119,0.038902382991536824
2021-04-15,0.042051938706192615,0.03856396440211556
2021-04-16,-0.023708858642881303,0.03874089913729957
2021-04-19,0.00511250411058306,0.038383136176509576
2021-04-20,-0.05146462342538616,0.03714030508927211
2021-04-21,0.020912199314492952,0.03943090971027678
2021-04-22,-0.011890835728197047,0.038389041124247444
2021-04-23,0.047889523143409995,0.037469892096115856
2021-04-26,0.0572483346198025,0.03823431363201984
2021-04-27,0.0012560470122870981,0.03982986992222853
2021-04-28,-0.004317898761351913,0.03853136598545419
2021-04-29,-0.016316937935778597,0.0373831427654309
2021-04-30,-0.012125584106391862,0.03671490590476799
2021-05-03,0.016479877885243077,0.03590572837891968
2021-05-04,-0.0026587036361211958,0.034933732417126044
2021-05-05,-0.030220778378548196,0.033948015906099874
2021-05-06,-0.06313784431055502,0.0344603740985154
2021-05-07,-0.061201273149398716,0.03869176200003746
2021-05-10,-0.022981072179676154,0.04195302021643027
2021-05-11,-0.012423036143706767,0.04132605368572906
2021-05-12,-0.05433668540994585,0.04025477080725124
2021-05-13,-0.011856003532777493,0.042463898590196975
2021-05-14,0.05922840504721183,0.04130818622523745
2021-05-17,-0.04728412078164723,0.04275298738488365
2021-05-18,0.0034808697656645293,0.04392522580204307
2021-05-19,0.003512627102391974,0.042408484105741495
2021-05-20,0.057735353083803176,0.040966478841951516
2021-05-21,0.01929873673930782,0.04229874681948564
2021-05-24,0.029509158083764753,0.04104951583737957
2021-05-25,0.023365548956212123,0.040260032856055616
2021-05-26,-0.002582237960010225,0.03925587529900819
2021-05-27,0.030180930047256638,0.038036229168421275
2021-05-28,-0.007441405354728481,0.03747991814158278
2021-06-01,0.02991509328126174,0.03646676584089668
2021-06-02,0.019972029765266797,0.03600464579817786
2021-06-03,-0.017193437746513496,0.03513038643383108
2021-06-04,0.021562133371947567,0.034657676944863026
2021-06-07,-7.146430361082423e-05,0.03392221042128693
2021-06-08,-0.012657941669115047,0.032949868719246204
2021-06-09,-0.04371674590120822,0.032402977714058256
2021-06-10,0.00813288115464772,0.034437101314395924
2021-06-11,0.029522030180442194,0.033409468549983216
2021-06-14,0.014566083866539792,0.03314601917416862
2021-06-15,-0.019895925272040316,0.03228437449233049
2021-06-16,0.02265504195566681,0.03217887499055317
2021-06-17,0.04101377459775524,0.031647600575564885
2021-06-18,0.010794666546462217,0.03238773661461621
2021-06-21,0.004779265092315299,0.03149945181883015
2021-06-22,0.057075752443525474,0.030623356962030796
2021-06-23,0.005192500079143514,0.033224062644917826
2021-06-24,-0.0330112010783008,0.0322527502683238
2021-06-25,-0.014388261515343004,0.03318426739766796
2021-06-28,0.01753590829921947,0.03270293261996074
2021-06-29,-0.012352139131649231,0.03194703991355922
2021-06-30,0.00033137820497408654,0.031453438591230766
2021-07-01,0.020301436788578542,0.030613337516190116
2021-07-02,0.013127315219418456,0.030086504988262958
2021-07-06,0.013241853790028735,0.029371819599567063
2021-07-07,0.002021734325231783,0.028702537846315424
2021-07-08,0.017610990193372977,0.02800173223264234
2021-07-09,0.0028176446427634616,0.027545569887106772
2021-07-12,0.0021620294427266984,0.026906654823063102
2021-07-13,-0.003244799583625557,0.02631229063525913
2021-07-14,-0.0271075421587037,0.02585522512763226
2021-07-15,-0.010325683545959308,0.02694508252686293
2021-07-16,0.006629646201580464,0.026709367118325333
2021-07-19,-0.007143917233742414,0.026113235356032584
2021-07-20,0.04494926806623312,0.025799117388836904
2021-07-21,0.019360156614699697,0.027648644197362942
2021-07-22,0.010585917456824134,0.027284111353390827
2021-07-23,0.010947227920432567,0.026691675751980285
2021-07-26,-0.006749981220973034,0.026141961392921135
2021-07-27,0.0010391462122969486,0.02581057375375696
2021-07-28,0.0068903586179462906,0.025297794064416956
2021-07-29,-0.00038319258843877435,0.02479034765692598
2021-07-30,-0.004817150061329656,0.024366994710077607
2021-08-02,-0.010751991118120863,0.024091129255507458
2021-08-03,-0.004742474970953481,0.024099134382199097
2021-08-04,-0.004402371119301307,0.023839904144176322
2021-08-05,0.01823649527097171,0.023587778832026056
2021-08-06,0.02534377203891225,0.023472734386885626
2021-08-09,0.030458628864550086,0.023766543227627866
2021-08-10,0.03788790813628662,0.02441748520835236
2021-08-11,-0.02572665148261688,0.02568263092128795
2021-08-12,-0.0070946948490338,0.026660136541188567
2021-08-13,0.007870662075642798,0.026305738969688835
2021-08-16,0.0014394864627167436,0.025741556993630968
2021-08-17,-0.025807341553719887,0.025227813126862664
2021-08-18,-0.004637607003116884,0.026266173936877343
2021-08-19,-0.002026805906433893,0.025852876022531588
2021-08-20,-0.0005430821473746406,0.025395029768766314
2021-08-23,0.02211190833549992,0.024935154982375803
2021-08-24,-0.011786850386253711,0.024904947488264998
2021-08-25,0.002825738691117685,0.02490313241095474
2021-08-26,-0.007505735320320284,0.02442800320890499
2021-08-27,-0.04126749849213418,0.024251679139653603
2021-08-30,0.0007108162839273291,0.027257359243420473
2021-08-31,-0.029139065615670923,0.026659070928618238
2021-09-01,0.007349624604168881,0.027853375393777257
2021-09-02,-0.03216264924778045,0.027191773060599226
2021-09-03,0.02664028791241524,0.02863183510095382
2021-09-07,0.004614178546578529,0.028564963788349766
2021-09-08,-0.003884207104710491,0.02785662379155851
2021-09-09,-0.000273676850167881,0.027317041890779815
2021-09-10,0.0027637331001830745,0.02673053259787985
2021-09-13,-0.011162395933518532,0.026141502799427375
2021-09-14,0.009189080579844244,0.026007910169620226
2021-09-15,0.0023978279286538395,0.025475318288310622
2021-09-16,0.036843923314089366,0.024967666016321784
2021-09-17,-0.0361166064749483,0.026060360056606773
2021-09-20,-0.0109656901426618,0.02810270271494008
2021-09-21,-0.02568698123677482,0.027812857402085212
2021-09-22,0.008885054071557263,0.028551428199372696
2021-09-23,-0.0056535266386195104,0.02786064738926445
2021-09-24,0.008545994248894573,0.027374021918986358
2021-09-27,-0.008953281564392235,0.02675035763023155
2021-09-28,-0.04270131846468317,0.026466054297897473
2021-09-29,9.810493966266876e-05,0.029275626271104832
2021-09-30,-0.014061316721357464,0.028564864940516285
2021-10-01,0.00426891460211376,0.02840017798210537
2021-10-04,-0.029353757716283013,0.02770247223951043
2021-10-05,-0.02510246294971097,0.028793881880505755
2021-10-06,-0.003563073598758848,0.02938119508813484
2021-10-07,-0.001575989259251287,0.028737786678871554
2021-10-08,-0.010145576157428948,0.028088579441005998
2021-10-11,0.001097015167433213,0.027761655800703357
2021-10-12,-0.004466350340538661,0.02712743787631431
2021-10-13,0.0037587363851701028,0.026651712813753132
2021-10-14,0.0054357551513142255,0.02606091558844887
2021-10-15,0.010435364508401435,0.025502217593071693
2021-10-18,0.0065278009580014285,0.025019348818162257
2021-10-19,0.006588616255535307,0.02452797925724539
2021-10-20,-0.006277181403458343,0.02406827448574387
2021-10-21,0.04310151049178046,0.023868073082790077
2021-10-22,-0.013915299201258335,0.025784644993510027
2021-10-25,-0.018175536792860214,0.02583386589157612
2021-10-26,-0.002295346936961984,0.026162988731696844
2021-10-27,-0.00010290006697566412,0.02569134364948398
2021-10-28,0.021816332861038568,0.025204203213326098
2021-10-29,0.01736743922379702,0.02513660337153079
2021-11-01,-0.00416460691163234,0.024869814489393294
2021-11-02,-0.005380106630955339,0.024537059551541313
2021-11-03,0.003689489153048342,0.024268787404685795
2021-11-04,-0.0027242541765453154,0.023828383214575817
2021-11-05,-0.009022919121493445,0.023525432841419242
2021-11-08,-0.017473608377424732,0.023489624568367933
2021-11-09,0.010601886655833503,0.023993995776501388
2021-11-10,-0.029464840119025837,0.023612936800264658
2021-11-11,-0.0034173761332807473,0.025239865780358865
2021-11-12,0.02807093096656388,0.024859208133348982
2021-11-15,0.012656047163292605,0.025214517002696623
2021-11-16,0.008715015841964657,0.02479477572063901
2021-11-17,-0.028836964355190453,0.024333890386450733
2021-11-18,-0.012464438479095286,0.025792951418413562
2021-11-19,0.010683494108100433,0.02575691253129425
2021-11-22,-0.024393569141585303,0.025261845105235606
2021-11-23,-0.009458337672151984,0.026163200144087097
2021-11-24,0.028627809147792505,0.025944600650020598
2021-11-26,0.0031308621676586768,0.02623859780862998
2021-11-29,0.0029498546464212794,0.02567703542997447
2021-11-30,-0.040362577971182034,0.025151817920538434
2021-12-01,-0.05076415314140448,0.027875149392024866
2021-12-02,-0.003344673254628283,0.03154944073746629
2021-12-03,-0.01631914773802201,0.030770700630159683
2021-12-06,0.006749696721871423,0.030565538930183194
2021-12-07,0.003301021760216294,0.029743781286098944
2021-12-08,0.01459056455621699,0.028972423519418866
2021-12-09,0.0006344349077345157,0.02836020489480447
2021-12-10,0.010318170449708397,0.027696147400775487
2021-12-13,-0.025429535702064854,0.027074423392893437
2021-12-14,-0.09122792436195848,0.027869063445427236
2021-12-15,-0.062051988567565886,0.03866781690635346
2021-12-16,-0.1040368887273182,0.04204260644239991
2021-12-17,0.09110596136594129,0.05117065350175395
2021-12-20,-0.08383284703120175,0.05500006463167771
2021-12-21,0.0989688469508927,0.05872074428967363
2021-12-22,0.04664816120843973,0.062456045511039456
2021-12-23,0.012285474817037567,0.061201753910868205
2021-12-27,-0.03637072059699076,0.05890197704756213
2021-12-28,0.006782015092499982,0.05790648979688733
2021-12-29,-0.03690648681333819,0.05572633727024639
2021-12-30,0.03399328108582189,0.05497828450806281
2021-12-31,-0.005549952938287639,0.05355326093693486
2022-01-03,0.03326427774789131,0.051667302624344325
2022-01-04,-0.08120489564034816,0.050402880924343176
2022-01-05,-0.10962414074959348,0.05445996484804077
2022-01-06,-0.03400605034341808,0.061806296906327544
2022-01-07,-0.035473952759888405,0.06049368320740277
2022-01-10,-0.006899389041580051,0.0593433953833417
2022-01-11,0.014933726293318017,0.057202947496159284
2022-01-12,-0.047681756124259955,0.05512056344197515
2022-01-13,-0.08538940791194438,0.05517346959379188
2022-01-14,-0.0413973133586385,0.059062116836641525
2022-01-18,0.035798849075960426,0.05836538801636615
2022-01-19,-0.031078248322043756,0.056824483431654
2022-01-20,0.005458251682717297,0.05566810406306341
2022-01-21,-0.1524537007798168,0.053589879113994224
2022-01-24,0.15188388215665505,0.06840447400005222
2022-01-25,-0.07473173561166213,0.07783676060115133
2022-01-26,-0.03882496808981273,0.07815652722946038
2022-01-27,0.005165775914456994,0.07611187748923354
2022-01-28,0.02996713273731011,0.07311107852852583
2022-01-31,0.10442851082069105,0.07059007441432723
2022-02-01,0.016644613854865042,0.07345003177914017
2022-02-02,-0.03948777150711891,0.0706396833807111
2022-02-03,-0.07509913918819411,0.06907210979449922
2022-02-04,0.02267548795300378,0.07022184245582788
2022-02-07,-0.026835483040799524,0.06766151853017795
2022-02-08,0.045422888722780996,0.06568015959607766
2022-02-09,0.06055931569396211,0.0641628890067263
2022-02-10,-0.05139358701564056,0.06365977316446599
2022-02-11,-0.08921387836583872,0.06331107412037813
2022-02-14,-0.005106756257442946,0.06656484604255707
2022-02-15,0.013209671826548863,0.06405946706162803
2022-02-16,-0.02760562321886706,0.061637442708733885
2022-02-17,-0.02475934400457014,0.06002381143233144
2022-02-18,-0.06752555077251099,0.058378785392787375
2022-02-22,-0.05822935194430645,0.059882351348198734
2022-02-23,-0.04809857946989826,0.06038582819522062
2022-02-24,0.10355510333537676,0.06005038687825353
2022-02-25,0.19094485349118173,0.06416289288364352
2022-02-28,-0.01385977835432417,0.08118834304630762
2022-03-01,-0.03661627883552043,0.07815582076639493
2022-03-02,-0.045483215710004465,0.07600991841954831
2022-03-03,-0.116800544647365,0.07443402330582201
2022-03-04,-0.17201243662211674,0.07950685423353115
2022-03-07,0.010537505302785632,0.09152317899790853
2022-03-08,0.002474542045043826,0.0878588029315018
2022-03-09,0.10245706517815645,0.08434604990228671
2022-03-10,-0.02669375554111575,0.08555881649922677
2022-03-11,0.0027280344282667457,0.08264805715597043
2022-03-14,-0.07583328288383129,0.07936288087289485
2022-03-15,0.13263034212844715,0.07964340493158426
2022-03-16,0.07214300258401352,0.08461559190524123
2022-03-17,0.04094249710888942,0.08342911086689722
2022-03-18,0.05461344764005904,0.08074147047612705
2022-03-21,-0.04391894736374358,0.07878987817765931
2022-03-22,0.03581203327289817,0.07695988040433888
2022-03-23,-0.0006372358342154882,0.07442598558011995
2022-03-24,0.05148804842267296,0.07152045136286056
2022-03-25,-0.14551001519644924,0.06996263457245963
2022-03-28,0.010372412832682976,0.07976771535995592
2022-03-29,0.0657842795879029,0.07661858448561905
2022-03-30,-0.09611806247446086,0.0755729423263085
2022-03-31,-0.05456566089992787,0.07812729191349004
2022-04-01,0.0014240840103045826,0.07695124479505282
2022-04-04,0.10706674380297887,0.07392193841827825
2022-04-05,-0.09046334063770889,0.07667976911165567
2022-04-06,-0.06575777227307622,0.07853847790663411
2022-04-07,-0.02222708859241518,0.07809835785787435
2022-04-08,-0.035878287664901976,0.07542015619261311
2022-04-11,-0.012188412654030145,0.07339499093267195
2022-04-12,-0.05059350603255375,0.07069181495693652
2022-04-13,0.04187720262505312,0.06977357858178768
2022-04-14,-0.034462804564373783,0.06785257900601246
2022-04-18,-0.05029331243860824,0.06619772165844903
2022-04-19,0.0526543563293167,0.06558086122529314
2022-04-20,-0.09550672068546007,0.06446681958741664
2022-04-21,-0.1066827106938888,0.06830806386864867
2022-04-22,0.007310236880684329,0.07298485998110217
2022-04-25,-0.030797778410856402,0.07012483017697342
2022-04-26,-0.1415675365085347,0.06817199030713647
2022-04-27,-0.06976328754971117,0.07772258626207357
2022-04-28,-0.021059882171548416,0.07765126850516592
2022-04-29,-0.10489456861204349,0.07496108571481422
2022-05-02,0.04239425683264031,0.07854743713401294
2022-05-03,-0.05332332736483014,0.07616936632954723
2022-05-04,0.039670101623634046,0.07504809189176151
2022-05-05,-0.19830783772495364,0.07275039020534332
2022-05-06,-0.05116419827531615,0.09078979471099813
2022-05-09,-0.18137536086081774,0.088617709770869
2022-05-10,-0.05541510429457386,0.10029257678218759
2022-05-11,-0.2010342657261086,0.09777783458393452
2022-05-12,0.22047332275833087,0.11068631567843437
2022-05-13,0.02404025429207124,0.12254248408649257
2022-05-16,0.0023465008811234256,0.11764895914799905
2022-05-17,0.08004270767353683,0.11284872191613866
2022-05-18,-0.1713245537866186,0.11031337378614922
2022-05-19,-0.0639110432926202,0.11715535044286311
2022-05-20,0.020768240803964666,0.11408895802036953
2022-05-23,-0.10446725968061132,0.10952532751945455
2022-05-24,-0.12637640069947897,0.10961877793064637
2022-05-25,0.14990689810967295,0.11163943211268534
2022-05-26,0.004190175349136016,0.11471025685111556
2022-05-27,0.08505277528762178,0.11003322092985279
2022-05-31,-0.13958470549760849,0.10796049471996666
2022-06-01,-0.10558699057669729,0.11148021938174626
2022-06-02,0.12709319579766065,0.11150303238911265
2022-06-03,-0.1259613337639771,0.11242418352553704
2022-06-06,-0.06383489744668314,0.11413330414334878
2022-06-07,0.021078529461093787,0.1112373094220365
2022-06-08,-0.008298802814695083,0.10680201557386151
2022-06-09,-0.08571351827402962,0.10253838803095147
2022-06-10,-0.049633580704977476,0.1017402806100583
2022-06-13,-0.045546905823762085,0.09886780430836258
2022-06-14,-0.005244350517886076,0.09597279110816957
2022-06-15,0.1551062460729269,0.09215272836674843
2022-06-16,-0.13242096324184338,0.09816479655617201
2022-06-17,0.1258500977107042,0.10203056262666971
2022-06-21,0.02602830953557911,0.10372018505500291
2022-06-22,0.00919087388801243,0.09968820324483038
2022-06-23,0.13034413893034325,0.09566361301638375
2022-06-24,0.09581792289723357,0.0984454801801843
2022-06-27,-0.03815529106929194,0.09790666753531473
2022-06-28,-0.20404560695604435,0.09476622737010972
2022-06-29,-0.06815594267805247,0.108721732669901
2022-06-30,-0.023200865564773743,0.1063788757144406
2022-07-01,-0.031948724032839326,0.10238308476260628
2022-07-05,0.2319750376764791,0.0988086046092859
2022-07-06,-0.047521933181436715,0.11464360084530949
2022-07-07,0.018086401079307812,0.11099420722702093
2022-07-08,-0.06518597988469566,0.1065373408597268
2022-07-11,-0.12734434294630503,0.10416404692761086
2022-07-12,-0.0009057971633810169,0.10683393807185898
2022-07-13,-0.05112637535481657,0.10251058485877261
2022-07-14,-0.03592619373417438,0.09966322974408572
2022-07-15,0.04919024419077189,0.09635321440985346
2022-07-18,0.045985113241823417,0.09330207195425118
2022-07-19,0.026609108727964514,0.09028922129424358
2022-07-20,0.18086170252008893,0.0868761280832153
2022-07-21,0.02986370515360237,0.09719351802673014
2022-07-22,-0.10571506272766351,0.09353004598110924
2022-07-25,-0.0071174677688641275,0.0951670229951445
2022-07-26,-0.04131814933073086,0.0914015248325158
2022-07-27,0.08632186444765999,0.08873079956655353
2022-07-28,0.030633699088690847,0.08823100064075322
2022-07-29,0.06997350407350389,0.08500149526283356
2022-08-01,0.03439314037446861,0.08365083141655402
2022-08-02,0.12098197942455124,0.08074032375809363
2022-08-03,0.024656796612860354,0.08421697426787214
2022-08-04,-0.039748072813318824,0.08104469898317292
2022-08-05,0.33698322283570414,0.07887851543323865
2022-08-08,-0.011130251888503917,0.1209692369915722
2022-08-09,-0.1145864712529523,0.11611867714484483
2022-08-10,0.13271643355374607,0.1164916057487879
2022-08-11,0.05789794163235529,0.1174591748670154
2022-08-12,0.038545317483909436,0.11364898384150822
2022-08-15,-0.021339316034995726,0.10942386667508507
2022-08-16,0.06802508306934074,0.10524847518345269
2022-08-17,-0.09545673753001171,0.10253682476374622
2022-08-18,-0.03611389578342772,0.102479754559847
2022-08-19,-0.12349299642799494,0.09903481043744901
2022-08-22,-0.1623798764488127,0.101858294841535
2022-08-23,-0.03566752265060602,0.10876186446632015
2022-08-24,0.03927613170188371,0.10499156363457679
2022-08-25,0.06438264864095755,0.10119173332212428
2022-08-26,-0.07973964456914961,0.09853479740928033
2022-08-29,-0.03814082373699179,0.09760557791437346
2022-08-30,-0.0332868770559922,0.0944801155645725
2022-08-31,-0.0030266366930309374,0.09134022295036678
2022-09-01,-0.006385911924806642,0.08770438600081333
2022-09-02,-0.037294564488187465,0.08426096136258324
2022-09-06,-0.002853973714562752,0.08180765134253114
2022-09-07,0.056187617092655184,0.07859079549101249
2022-09-08,0.019914464038197632,0.07685039967744613
2022-09-09,0.07482242300257846,0.07393228928511078
2022-09-12,0.1437196217556722,0.0737217345271619
2022-09-13,-0.13854461361110681,0.08102010900777554
2022-09-14,-0.020308052475482175,0.08791727821117083
2022-09-15,0.02599681222990391,0.08471398358295752
2022-09-16,-0.11737793133648244,0.08154535712752217
2022-09-19,0.015971410765368343,0.08573869612822349
2022-09-20,-0.07703279258912632,0.08236939954559293
2022-09-21,-0.01006012054144323,0.0824946384551611
2022-09-22,-0.1282337362920294,0.07933448825821325
2022-09-23,-0.028965726384587498,0.08514553893549426
2022-09-26,-0.06953827646365651,0.08232950638714084
2022-09-27,0.015831465216680662,0.08187748566963854
2022-09-28,0.07895782310732447,0.07867849041309924
2022-09-29,-0.21970696222633457,0.07840730746733694
2022-09-30,-0.06068257435332347,0.09884407886468705
2022-10-03,0.055569851154810834,0.09669416764537601
2022-10-04,0.08054440988796596,0.09388396435363205
2022-10-05,-0.0763593305407615,0.09260511577452539
2022-10-06,-0.019681984921791518,0.09187312700682483
2022-10-07,-0.09214434920169046,0.0884694240102397
2022-10-10,-0.05657858868675847,0.08934271715418708
2022-10-11,0.006022465506467789,0.08755404754301406
2022-10-12,0.04012306036634339,0.08405068778558372
2022-10-13,-0.010543060231869017,0.08130251669597152
2022-10-14,-0.09615844621082514,0.07820434785497632
2022-10-17,0.06110497866217868,0.08047380971547277
2022-10-18,0.008199007395222058,0.07888808305685231
2022-10-19,-0.20333558711252797,0.07576883173850588
2022-10-20,-0.03461492515693587,0.09392607718371036
2022-10-21,-0.01601148024291099,0.09086065956227839
2022-10-24,-0.06299585201457703,0.08742528669759841
2022-10-25,0.13278372903829183,0.0861523185516511
2022-10-26,-0.011850039917495447,0.09029779483440845
2022-10-27,-0.03916773442422894,0.08681332373903716
2022-10-28,-0.0020682530640590002,0.08430055407294954
2022-10-31,-0.06854931414989407,0.0809671449312123
2022-11-01,0.12163534155567746,0.08054669010204103
2022-11-02,-0.12607979331610153,0.08411943909715931
2022-11-03,0.06328495178335736,0.08900340643224752
2022-11-04,-0.49355403725733016,0.08700860466804333
2022-11-07,-0.1700681699881894,0.16467226398800253
2022-11-08,-0.004067802219325678,0.1655680884366741
2022-11-09,0.030771658666753687,0.15874795067030434
2022-11-10,0.27475300125292357,0.15236498684298033
2022-11-11,0.17327172127403667,0.16495217985777966
2022-11-14,-0.19861519628005508,0.16518659629286167
2022-11-15,0.019319360402637376,0.16865621986974874
2022-11-16,-0.1496291951084121,0.1617309692548436
2022-11-17,-0.027269028115551652,0.16119844366377087
2022-11-18,-0.03174869831458027,0.15481965327548977
2022-11-21,-0.1338859396943597,0.1488078304695471
2022-11-22,-0.0361050046421163,0.1480735233008285
2022-11-23,0.17740754199152553,0.14246243762676863
2022-11-25,-0.01864566137146273,0.14509686727612187
2022-11-28,-0.06478949365739783,0.13929033432367866
2022-11-29,-0.01755615651830178,0.13504646681218432
2022-11-30,0.04917934494881404,0.12966412030402213
2022-12-01,0.05304273598448095,0.12496877097938662
2022-12-02,-0.00740744127786197,0.12061564594736149
2022-12-05,-0.1280586982345875,0.11574233995326003
2022-12-06,-0.056495833063679335,0.1173303284131119
2022-12-07,-0.5607341477910357,0.11390896718974483
2022-12-08,0.2585409375442813,0.19459538238773505
2022-12-09,0.017982502550432322,0.19993935315601544
2022-12-12,-0.020000666706669445,0.19167714725922808
2022-12-13,-0.024541108916117604,0.18387220078702254
2022-12-14,0.08528455908513721,0.1764605405500259
2022-12-15,0.03914758968427123,0.17067582408801407
2022-12-16,-0.08385863232224189,0.16389796004860124
2022-12-19,-0.12928028802204117,0.15916341304678433
2022-12-20,-0.0606246218164348,0.15732646770711728
2022-12-21,0.03774032798284699,0.15199722767315443
2022-12-22,-0.044977995283077554,0.1460196694990361
2022-12-23,-0.019560525854493527,0.14073720873497284
2022-12-27,-0.08499321283339256,0.13513468379124402
2022-12-28,0.029141134907499477,0.13210990403392128
2022-12-29,0.15003929298559404,0.1268681190862295
2022-12-30,0.06313303952883631,0.12843718099775256
2023-01-03,-0.023480267608842365,0.12426205872115263
2023-01-04,0.08484921398513445,0.11945817627910338
2023-01-05,-0.10227884912041807,0.11678433744813896
2023-01-06,-0.031252543504104446,0.11612903065899587
2023-01-09,0.006779686985378897,0.11187732170624103
2023-01-10,-0.0045146803545268455,0.10732208787331789
2023-01-11,0.21860839614881855,0.10300062904697604
2023-01-12,0.378436435720245,0.11594944011806435
2023-01-13,-0.13442130992095058,0.1537114632182658
2023-01-17,0.04048005572396751,0.15264258733327998
2023-01-18,-0.04619435698740593,0.14668736180366018
2023-01-19,-0.08988081941758286,0.14140870376378725
2023-01-20,0.017094433359300165,0.13827264827393118
2023-01-23,0.10103685234413429,0.13263015631554978
2023-01-24,-0.07818741957179043,0.13006275497842865
2023-01-25,-0.032137425238814465,0.12697393186380507
2023-01-26,0.010827638652063376,0.12223856760086188
2023-01-27,0.17846798747796466,0.11724866700683904
2023-01-30,0.2523149286144899,0.12276367080140774
2023-01-31,0.016857117066422678,0.13709550176965604
2023-02-01,0.2876820724517808,0.13150179877908993
2023-02-02,0.0496326242024101,0.1494960321445605
2023-02-03,0.01393750784378156,0.14388573989594047
2023-02-06,-0.07320340402329473,0.1379840932490546
2023-02-07,-0.01803204380592316,0.13418759909052905
2023-02-08,0.06031239361969254,0.1288498307087198
2023-02-09,-0.15904008197139596,0.12455049226724045
2023-02-10,-0.0974882823660197,0.1282815544507218
2023-02-13,0.01646880771326842,0.12645582773880032
2023-02-14,-0.02760064808211249,0.12131635790431482
2023-02-15,0.16870312608364024,0.11673367147994738
2023-02-16,-0.150218311409537,0.1212211566113997
2023-02-17,0.04038233744568531,0.12440470133161226
2023-02-21,-0.12241114309085122,0.1197262122041056
2023-02-22,0.0009935420588775834,0.12045023139870283
2023-02-23,0.0009925559127514916,0.11553347644598516
2023-02-24,-0.2298625015629545,0.11082767518159409
2023-02-27,0.10872563380813993,0.12562159853701488
2023-02-28,0.05341869369986396,0.12400967774633315
2023-03-01,-0.055660847105553746,0.11971555773989723
2023-03-02,0.06095466571526886,0.11612937439586957
2023-03-03,0.06341592716753075,0.11250615974152778
2023-03-06,-0.10217212309365076,0.10917749728430581
2023-03-07,-0.02557115426778811,0.10911492037259948
2023-03-08,-0.003384097984240775,0.10504766664200663
2023-03-09,-0.04743515041197233,0.1008165450144465
2023-03-10,-0.14373903484617845,0.09789729405980538
2023-03-13,0.022989518224698635,0.10307679770387394
2023-03-14,-0.09090811840368707,0.0990262195175271
2023-03-15,0.0317029432414786,0.09889346136288857
2023-03-16,0.04980282248381829,0.0951916474688516
2023-03-17,0.031875208530448784,0.09222464020286762
2023-03-20,-0.0788451679299631,0.0888373625359197
2023-03-21,0.1147925557382754,0.08858010176589913
2023-03-22,0.06114373636700732,0.09054570720879924
2023-03-23,-0.009535233150999911,0.08834616123842978
2023-03-24,-0.019347640997786186,0.08491433548627045
2023-03-27,-0.07213752816642316,0.08182944654644865
2023-03-28,-0.034716436957769936,0.0816126219853824
2023-03-29,0.06699812968852692,0.07919547392258129
2023-03-30,0.11509695218655702,0.07805041557451789
2023-03-31,0.10320644192655015,0.08119795078224273
2023-04-03,-0.05242290371667169,0.08278691967648455
2023-04-04,0.022353245780748043,0.08117539565803629
2023-04-05,-0.11122563511022454,0.07810029843720578
2023-04-06,0.05826890812397556,0.08201856506769128
2023-04-10,0.032754019668729484,0.08018019464289906
2023-04-11,0.04720330913602533,0.07739196087692697
2023-04-12,-0.054750514771408465,0.07527953281066314
2023-04-13,0.013971210596738004,0.07431162473845024
2023-04-14,-0.043627420179626064,0.0714321921882831
2023-04-17,0.009983443984183271,0.07004123533795804
2023-04-18,-0.029117398570726927,0.06732292431871008
2023-04-19,-0.019507216388824133,0.06545414535493467
2023-04-20,-0.07580296341550108,0.06332651402469791
2023-04-21,0.01734863833461331,0.06513010718540789
2023-04-24,0.02786370448693498,0.06271183774409533
2023-04-25,-0.1031063212404506,0.06064836428665513
2023-04-26,-0.003981425299185215,0.06600099134645983
2023-04-27,-0.024227295335323973,0.06350733365692708
2023-04-28,-0.05603706810771114,0.061648811427472694
2023-05-01,-0.001441961316901219,0.06181714245888085
2023-05-02,0.0409951397029229,0.05948858810368121
2023-05-03,-0.020994472996253455,0.05812308972803692
2023-05-04,0.018220546113528302,0.05643308922698414
2023-05-05,0.21868920096482936,0.05444176257116885
2023-05-08,0.23203249873145593,0.08017617976542846
2023-05-09,0.04752514186284529,0.10041700959552098
2023-05-10,0.10409389104263322,0.09709697117572424
2023-05-11,-0.09485401010128758,0.09731518098456084
2023-05-12,-0.13019249135900823,0.0976434233568274
2023-05-15,0.09790421498137158,0.10132729498229283
2023-05-16,-0.08842547102682774,0.100723030882986
2023-05-17,0.10724553035359774,0.1002641409559991
2023-05-18,0.013468217050866649,0.10047506282428673
2023-05-19,-0.10759265944176732,0.09643768957235421
2023-05-22,0.06575984206056074,0.09796890007786968
2023-05-23,0.037643452225929686,0.09556741090312444
2023-05-24,-0.03242604908624136,0.0921726264313026
2023-05-25,-0.05252653728713241,0.08911956491111932
2023-05-26,0.07057601740611519,0.08711972073343556
2023-05-30,0.155852807897789,0.0856650813170793
2023-05-31,-0.06007812394328349,0.09271113270600853
2023-06-01,0.20123344167846513,0.09091085732322549
2023-06-02,-0.007623925110659346,0.10352316736807819
2023-06-05,-0.044335813820051584,0.0993958738614322
2023-06-06,-0.014775285582154574,0.09642111620247337
2023-06-07,0.04949872164054003,0.09270961885465728
2023-06-08,0.44481789766783875,0.08986123423737481
2023-06-09,-0.23947511521610654,0.1518581881276476
2023-06-12,0.10871095330147407,0.16139773234918325
2023-06-13,0.10059848963817641,0.15749695203936426
2023-06-14,-0.004689840188322414,0.15340465474699788
2023-06-15,0.11987012492551274,0.14710530037897054
2023-06-16,-0.0410115500131929,0.14475460145751537
2023-06-20,-0.07374347424554939,0.13942092602541314
2023-06-21,0.027261071684965277,0.13556965635351312
2023-06-22,0.055133655889001876,0.13014918833453593
2023-06-23,-0.176387748002802,0.1256102772628862
2023-06-26,-0.023630589161049098,0.13109325614112716
2023-06-27,0.15024883690596047,0.12598580515495034
2023-06-28,0.14279901483019408,0.12765656624945915
2023-06-29,-0.0852291630087163,0.12851127337497206
2023-06-30,0.006968669316093301,0.1259099598182276
2023-07-03,-0.004640379556501983,0.12075376422975483
2023-07-05,0.0019361090268663617,0.11585241376027199
2023-07-06,-0.061011543856472006,0.11113021331345521
2023-07-07,0.19139485299962944,0.10826678296857886
2023-07-10,0.15157642578892183,0.11656251316759068
2023-07-11,0.03723225007384645,0.11928585077118399
2023-07-12,0.08923456220729209,0.11476987826402549
2023-07-13,-0.03160769845949396,0.11264258046847216
2023-07-14,0.0005306447458028885,0.10856518324443426
2023-07-17,-0.03152625364677375,0.10416082583109124
2023-07-18,0.08573307148320053,0.10048731212595954
2023-07-19,0.33790695709687313,0.09909244958222427
2023-07-20,-0.17738751267493003,0.13411162922287015
2023-07-21,-0.024040139856092768,0.13871557991566333
2023-07-24,0.013499007507880023,0.13327577813537134
2023-07-25,-0.047158710247273916,0.12782519221998156
2023-07-26,-0.008194901313224978,0.12349443952964581
2023-07-27,-0.07817778106402384,0.11850374206088327
2023-07-28,0.08433024435871639,0.11612264783961286
2023-07-31,0.042909772703380256,0.11362449526952557
2023-08-01,0.06650883124945706,0.1095144786900835
2023-08-02,0.05429225462438314,0.10648820695267845
2023-08-03,-0.0011578542397363556,0.10310622960219616
2023-08-04,-0.13080430602290383,0.09894546770920458
2023-08-07,-0.013961445614844248,0.10254593476386754
2023-08-08,-0.018014447975051695,0.09854574174396268
2023-08-09,-0.06017028287177251,0.09479866987382633
2023-08-10,-0.048959097356758186,0.09287154564882655
2023-08-11,0.04072062090771977,0.09046725090341588
2023-08-14,-0.0002433386068707577,0.08741592353472548
2023-08-15,-0.04403148761635256,0.08393374598042351
2023-08-16,-0.0325694334109623,0.08180569759851522
2023-08-17,-0.021780409459137395,0.07929267373454925
2023-08-18,0.051548363895374205,0.07654275409026243
2023-08-21,0.02841171622182559,0.07468542657796996
2023-08-22,-0.05006762826720479,0.07204575179981522
2023-08-23,0.048579163591500496,0.07100024215739204
2023-08-24,-0.06460472657306182,0.06932313094916204
2023-08-25,0.08718791507818091,0.06953581489776446
2023-08-28,0.09641283732039163,0.07076076213716705
2023-08-29,0.043771135025158614,0.07275865355644706
2023-08-30,0.047583891405550194,0.07075345335255852
2023-08-31,0.012792499057990181,0.06904133612204265
2023-09-01,0.00988150332999771,0.06638843304513231
2023-09-05,-0.020062248015371154,0.06383401334373383
2023-09-06,0.013353462000763372,0.0618078199964273
2023-09-07,-0.058708521667192315,0.05949091602329136
2023-09-08,-0.01416663929292783,0.06007080164342212
2023-09-11,0.07879701008579953,0.05805734295570305
2023-09-12,-0.00019683102120460205,0.059641946719968794
2023-09-13,-0.03139316081432675,0.05740285965501131
2023-09-14,0.12634536674692143,0.0562268426881995
2023-09-15,-0.06776606562843757,0.06413012357436626
2023-09-18,-0.00480077734335671,0.06508149230196646
2023-09-19,-0.08955200650464112,0.06264043534111205
2023-09-20,-0.08315280216537202,0.06601906245712325
2023-09-21,-0.018705082941252282,0.06828322319284157
2023-09-22,-0.02144033123786926,0.06598804133759638
2023-09-25,-0.042321490831529474,0.06389652690136277
2023-09-26,-0.018050126555978263,0.06292308589710797
2023-09-27,0.032357228022890094,0.060878889870576554
2023-09-28,0.009991553817275012,0.059061119972790795
2023-09-29,0.01778465524372752,0.05684158551573399
2023-10-02,-0.06724187016406935,0.05482241971979145
2023-10-03,-0.026854182769608936,0.05668293262428364
2023-10-04,-0.015295656853462347,0.05532360483574635
2023-10-05,-0.05153109487406393,0.05358557737243631
2023-10-06,0.0520624445146205,0.054084913895240706
2023-10-09,0.031889790618229163,0.05374488420290071
2023-10-10,0.004364016680760141,0.05230167694037689
2023-10-11,-0.030427519631188726,0.050381233790090546
2023-10-12,-0.11162957508402283,0.04960819233698266
2023-10-13,0.0,0.05825906394187011
2023-10-16,0.02161299081757262,0.05608233522313445
2023-10-17,-0.003473230698503471,0.05418157278984262
2023-10-18,-0.060660864862304376,0.052233375445634125
2023-10-19,-0.02716794727245153,0.05370893403308433
2023-10-20,-0.01659789140903767,0.05254464535677961
2023-10-23,0.02165000193374489,0.05099715431775714
2023-10-24,-0.002207158392475872,0.0493541749195296
2023-10-25,-0.07231277019662175,0.04762120988677858
2023-10-26,-0.012634622572156307,0.050964271021011885
2023-10-27,-0.018031001675725467,0.04937302328867072
2023-10-30,-0.03779415943657849,0.048054298975853595
2023-10-31,-0.01907614706081384,0.047935131353056444
2023-11-01,-0.038125017350930435,0.046741961827286974
2023-11-02,0.14081530445287793,0.04675345768589476
2023-11-03,0.07592069029547144,0.05930538868542622
2023-11-06,0.02900523896475482,0.060482609425853345
2023-11-07,0.027894983760697656,0.05856919802388061
2023-11-08,-0.005281702419175804,0.05671929524999053
2023-11-09,-0.11030883071453967,0.05467689738116498
2023-11-10,-0.041931348127461465,0.06208489396655886
2023-11-13,-0.01902184277357888,0.06121096370996064
2023-11-14,0.14804669329621056,0.05928644504958337
2023-11-15,0.02820433353171392,0.06999935632803536
2023-11-16,-0.05413227673007848,0.06758230725651737
2023-11-17,-0.010250128569223804,0.06713186294669418
2023-11-20,0.03346436589599211,0.0646845772829022
2023-11-21,-0.06036046588742838,0.0627044518110243
2023-11-22,0.005437403449298994,0.06313764943132964
2023-11-24,0.0019120464716255725,0.060717312654701754
2023-11-27,-0.015399726853576823,0.058415450981631555
2023-11-28,0.02206324508434765,0.056520923748633316
2023-11-29,0.012258522200445654,0.0546093460755614
2023-11-30,-0.02179148285916943,0.05261645505128728
2023-12-01,0.11678921148144905,0.051267026724105144
2023-12-04,0.12958184204400203,0.05868210305470597
2023-12-05,-0.03323913762548791,0.06660232912686097
2023-12-06,-0.03625298499514873,0.06496182136125726
2023-12-07,0.013815310060964148,0.06357251842684655
2023-12-08,0.060407308123264336,0.061179337249027035
2023-12-11,-0.010738023018092235,0.06089241626565178
2023-12-12,-0.008319725286476842,0.058753682214171134
2023-12-13,0.13191616479548074,0.056667706813605424
2023-12-14,0.11612991841442089,0.06534440152590709
2023-12-15,0.015291417344141855,0.07027679490785789
2023-12-18,0.0799828435650447,0.0675939239721015
2023-12-19,0.07138464493042207,0.06834811426242428
2023-12-20,-0.07552394716021027,0.0683213893177873
2023-12-21,0.048575447487268164,0.06958420183707811
2023-12-22,-0.06146245767111136,0.06799196726250276
2023-12-26,-0.0217921827895613,0.0680633939917125
2023-12-27,0.015377792611897867,0.06587650883074615
2023-12-28,0.009515167855911333,0.06339597847076457
2023-12-29,-0.036536284491825555,0.060975178582338654
2024-01-02,-0.07999548551689184,0.05985356984016743
2024-01-03,-0.045633702299217926,0.06249549440653852
2024-01-04,-0.002144083154139942,0.061832065911669204
2024-01-05,0.005991886105909394,0.05950968925045283
2024-01-08,0.03067467392237777,0.05725484191689274
2024-01-09,-0.024506410187822514,0.05557031663622603
2024-01-10,-0.008945746558458367,0.05416856851735029
2024-01-11,-0.015089745257029996,0.05231930477670351
2024-01-12,-0.07343988019942227,0.05073295182836327
2024-01-16,-0.011520052169862183,0.05378297777648104
2024-01-17,-0.001893491689989979,0.052015434655152466
2024-01-18,0.014815085785140791,0.05015047164539783
2024-01-19,0.04741088429069418,0.04840473128193303
2024-01-22,0.07358309202906099,0.048173439578273615
2024-01-23,-0.05987516126370984,0.05033381696920071
2024-01-24,-0.08020741161856826,0.05193681108415664
2024-01-25,-0.024811582312717295,0.05564271439503544
2024-01-26,0.019324272826402478,0.054250435980527374
2024-01-29,0.07198679033953193,0.05238800826003435
2024-01-30,-0.017516729041652024,0.05389979088202072
2024-01-31,-0.02477190889237324,0.0523113502839671
2024-02-01,-0.012384782670674888,0.05111503717629134
2024-02-02,0.02140114244585911,0.04950859231244612
2024-02-05,0.008022965670999138,0.04793572615152296
2024-02-06,0.09551771326984104,0.04622730553652402
2024-02-07,-0.0020772753626703278,0.05143671970674268
2024-02-08,0.08564147813055722,0.04960166548899707
2024-02-09,0.01402600704272361,0.05297630708441907
2024-02-12,0.03966943899656261,0.05108237513287915
2024-02-13,-0.06174455043906413,0.050174406610130035
2024-02-14,0.0412759995836689,0.051987962940619165
2024-02-15,0.061927101052362765,0.051110469375188344
2024-02-16,-0.09343758502054866,0.051803500872473804
2024-02-20,-0.012848963809136471,0.05727846070786759
2024-02-21,-0.04763275663282007,0.055369598718418366
2024-02-22,0.05914698862019785,0.05539812864928712
2024-02-23,0.27833688187585937,0.05548024235145307
2024-02-26,0.009345190575921869,0.09422987900318591
2024-02-27,0.14048341620327154,0.09044267442249745
2024-02-28,-0.06352767517235058,0.09493556949720507
2024-02-29,0.006076636928365353,0.09319602978080445
2024-03-01,0.08854670069612958,0.08944696714998007
2024-03-04,-0.017264866530164902,0.08905835392614857
2024-03-05,-0.053011718770163085,0.0857318394385421
2024-03-06,0.006187979007894917,0.08396782263272823
2024-03-07,0.021109634323249082,0.08062145066960755
2024-03-08,0.07079486254554546,0.07755054358776245
2024-03-11,-0.08818439765199315,0.07677345200655339
2024-03-12,-0.0235792761134217,0.07840002721235077
2024-03-13,0.04348232266005603,0.07574783436172405
2024-03-14,-0.03825218521483098,0.07356498605113738
2024-03-15,0.03712188682133899,0.07175922787368053
2024-03-18,0.015090390492834338,0.06953951396323668
2024-03-19,-0.02392548519723725,0.06688783102566037
2024-03-20,0.09129142020940773,0.06483688617886645
2024-03-21,0.014816787459502656,0.06695576882000422
2024-03-22,-0.020386539616440658,0.0644188213492545
2024-03-25,0.028335707070863414,0.06237314462972126
2024-03-26,0.02678432628402394,0.06034122480553515
2024-03-27,-0.00552121543902917,0.058365949355574424
2024-03-28,-0.026934632399620462,0.0562490956751094
2024-04-01,-0.0128221562069335,0.054919410491493736
2024-04-02,-0.04621829279520284,0.05312926289123918
2024-04-03,-0.005687677945524605,0.05323363223779462
2024-04-04,0.00048531910683191626,0.05136555256599036
2024-04-05,0.016839464550473693,0.049507982525410124
2024-04-08,-0.014053441308147896,0.0478293896735633
2024-04-09,0.01214322105202914,0.04645068467364015
2024-04-10,-0.038494399545021984,0.04484867239851316
2024-04-11,-0.0009940358671398641,0.0450477293444821
2024-04-12,-0.07015679359115357,0.04351065799249652
2024-04-15,-0.07129105445535355,0.04718807587906704
2024-04-16,0.011532839437760956,0.05046676513304519
2024-04-17,-0.0211738954806151,0.04866318644552658
2024-04-18,0.02836766372077193,0.047518843641133006
2024-04-19,0.002947163735892211,0.0462877469436872
2024-04-22,0.0011204482964899398,0.044657990903764475
2024-04-23,0.05686286189454304,0.043119078336526166
2024-04-24,-0.0035768733902825645,0.04413649363890489
2024-04-25,0.028134011286796934,0.04268230060518498
2024-04-26,0.08422254557528319,0.04172736946644064
2024-04-29,-0.006544915372303173,0.046130239864666314
2024-04-30,-0.010079278994702179,0.04463210993673637
2024-05-01,0.04906577913706922,0.04330164055453083
2024-05-02,0.2909492063011072,0.04361774632976734
2024-05-03,0.04342118879360246,0.0914869973936395
2024-05-06,0.010627961384997775,0.08847549206407433
2024-05-07,-0.052676701858864305,0.08494475485347584
2024-05-08,-0.019387832485108447,0.08321122353990491
2024-05-09,0.05102669706374474,0.08020812089342096
2024-05-10,-0.028728651106371572,0.07811219853770181
2024-05-13,-0.0008550663197333108,0.07564829276789072
2024-05-14,0.034058368578013365,0.07268974589282852
2024-05-15,0.000991653663612091,0.0703148532773332
2024-05-16,-0.02627766261776987,0.06758330709252301
2024-05-17,-0.0036528945176650396,0.06558420772125459
2024-05-20,0.0,0.06310580288765848
2024-05-21,-0.021245369676294423,0.060706327554878224
2024-05-22,0.005980516200015273,0.058886200996283
2024-05-23,-0.051511631027125304,0.056659910304594815
2024-05-24,-0.006938766084855885,0.0568872649055324
2024-05-28,-0.04267513822977609,0.054864993995237664
2024-05-29,0.004388482524832149,0.0545649716838434
2024-05-30,-0.02564737570428388,0.05253873441083622
2024-05-31,-0.023818885601301076,0.0513709103447793
2024-06-03,-0.010254437901191515,0.05018615695624503
2024-06-04,0.02139439794219289,0.04856903556799756
2024-06-05,0.019007136329618035,0.04704483833463579
2024-06-06,0.01569528151074895,0.04553795191234935
2024-06-07,0.017895662925286437,0.044036560234086086
2024-06-10,0.013885876160816046,0.04265921353748198
2024-06-11,-0.037050002826530815,0.04127195701893172
2024-06-12,0.06461655305266412,0.04167034121483729
2024-06-13,-0.039764662273229945,0.043642685088586035
2024-06-14,-0.03508462800572065,0.0440508072678819
2024-06-17,0.055485929055450356,0.04405570416031024
2024-06-18,0.016748980649429868,0.04485173816625679
2024-06-20,-0.008430453774338709,0.04340644254927363
2024-06-21,0.0281835203905354,0.04209581866188287
2024-06-24,0.05601705215041086,0.041178981797203466
2024-06-25,0.07323490734197513,0.04231900549962657
2024-06-26,-0.015518769003464605,0.045202714627612925
2024-06-27,0.0484139555949632,0.044023942486150845
2024-06-28,-0.03180696262091143,0.04422492997165782
2024-07-01,-0.034539332434714076,0.043982008332775234
2024-07-02,0.025251460789394997,0.04395221404371256
2024-07-03,0.0024278509791555436,0.042804745016216124
2024-07-05,0.0016413306275699924,0.04134826025617634
2024-07-08,-0.045780251024727825,0.03996975355511625
2024-07-09,0.027257553975394977,0.04129669010120891
2024-07-10,0.04107017374511024,0.04038790542793065
2024-07-11,-0.007972445446666754,0.040340030581259984
2024-07-12,0.04742219245978774,0.03918276455117951
2024-07-15,0.04204262329555153,0.03973923092803149
2024-07-16,0.020479957922174385,0.03981569100478243
2024-07-17,-0.08096823179604318,0.03873813262218494
2024-07-18,-0.034765605171788394,0.04481028289075257
2024-07-19,0.0067891018366790234,0.044730103758089904
2024-07-22,-0.009036555024318105,0.04317231850446375
2024-07-23,0.0017054267699396775,0.04189074304630276
2024-07-24,-0.045071581293706586,0.04048454805886761
2024-07-25,0.005494519317640112,0.04168468747013879
2024-07-26,0.06813297999526124,0.04027512962801434
2024-07-29,-0.040241934459937845,0.04283004129977852
2024-07-30,-0.006525436889864622,0.04335280235111433
2024-07-31,0.04962365711610062,0.041997818391463354
2024-08-01,0.09508497993849296,0.04247789109517345
2024-08-02,-0.0657222226188292,0.048312511562996804
2024-08-05,-0.01364958448770448,0.050782783349074614
2024-08-06,0.026324025384433014,0.0492319727174563
2024-08-07,-0.07709635075785659,0.04782745236900155
2024-08-08,0.03640928776005836,0.05174385358853015
2024-08-09,0.01863938417296218,0.050623097391746405
2024-08-12,-0.018114823480503972,0.04892600512837747
2024-08-13,0.09300551285850567,0.04763604407045517
2024-08-14,-0.031130109140417694,0.052259079695580406
2024-08-15,0.06515452854913928,0.051400741633850895
2024-08-16,0.028425602446393583,0.05235725613964997
2024-08-19,-0.0011550309292314154,0.05085686043352468
2024-08-20,-0.010131406636445739,0.049038989937746136
2024-08-21,0.016659012049323074,0.04747777487497283
2024-08-22,-0.02421113127673369,0.04589717037524919
2024-08-23,0.043229237250190344,0.045074590616465425
2024-08-26,-0.011266129169138495,0.04480932800772144
2024-08-27,0.004735903777971728,0.043504828349749176
2024-08-28,-0.02830407757961595,0.0420056387592362
2024-08-29,-0.027795080825199214,0.04169690744339935
2024-08-30,0.0035916234152910675,0.04137817281543759
2024-09-03,-0.04134220239376596,0.039987189026342344
2024-09-04,0.001521123158542359,0.04088448039611603
2024-09-05,-0.025186723865298077,0.03953026981144046
2024-09-06,-0.05632521238196908,0.039206179727813206
2024-09-09,0.015396934758856062,0.041787869964747544
2024-09-10,-0.035766396837877856,0.04047320803190998
2024-09-11,0.02134342731802974,0.04083859244554124
2024-09-12,0.05094876896790357,0.0397309980948761
2024-09-13,0.009772756768370527,0.04054515521055929
2024-09-16,0.07466152876901955,0.03921233533762432
2024-09-17,0.023782948544751825,0.04273838789030527
2024-09-18,0.03174271094194925,0.04160646072532245
2024-09-19,0.05483215916044326,0.040893156578406795
2024-09-20,0.018050926871709727,0.04194962739861691
2024-09-23,0.007449891189625468,0.04068635355329604
2024-09-24,-0.014086764490863324,0.039331026136910974
2024-09-25,-0.017818493922392875,0.03844136315040987
2024-09-26,0.009153381986487297,0.03777707301686815
2024-09-27,-0.008387391906905073,0.03658087494718339
2024-09-30,0.025183802068685424,0.035647356556202006
2024-10-01,0.009659701872569038,0.03500182714696128
2024-10-02,0.006520221540395887,0.033956705955036436
2024-10-03,-0.001753443702741997,0.03294731055845121
2024-10-04,0.019787086538878285,0.03205559677304783
2024-10-07,-0.0024451248636649936,0.03141589447522202
2024-10-08,0.06076534589112015,0.03062530304823858
2024-10-09,-0.004828645292317191,0.03370309687323313
2024-10-10,0.00786085171426354,0.03283490380802947
2024-10-11,0.0035433313087436247,0.031892412457264055
2024-10-14,-0.016573516192624815,0.030998497747986353
2024-10-15,0.015376441076348613,0.03079073235311714
2024-10-16,0.0071610497497163195,0.030087947836374668
2024-10-17,-0.007681964487754378,0.029295084205644455
2024-10-18,-0.0031834695361494525,0.028784823153709053
2024-10-21,0.0009404389407858815,0.028168691136158858
2024-10-22,0.030143214172780652,0.027511983558899077
2024-10-23,-5.0672679836161194e-05,0.02777170498086268
2024-10-24,0.01448863256231725,0.027153553246459204
2024-10-25,0.011471261730551241,0.026653866792875996
2024-10-28,0.012219511633366764,0.026115956215132782
2024-10-29,0.01798192303665047,0.025627405662820173
2024-10-30,-0.006874200846884726,0.025349595607142977
2024-10-31,0.1764273528813458,0.025079349713598924
2024-11-01,-0.07657132290071011,0.05450353206619017
2024-11-04,-0.013182368589439442,0.05742506237978053
2024-11-05,0.04158603377810266,0.05551777878152636
2024-11-06,0.013695669288119383,0.0544285966324375
2024-11-07,0.01040895400162345,0.052461031836817995
2024-11-08,0.012022047712100914,0.05055235063882533
2024-11-11,0.023099265350690068,0.04874985200420056
2024-11-12,-0.013325210753262873,0.047265415783572316
2024-11-13,-0.027820091777348566,0.04589313894354671
2024-11-14,0.0019149916347185325,0.045273855299986995
2024-11-15,0.002326355319693718,0.04369901683297581
2024-11-18,0.015195169755938487,0.04219891088331914
2024-11-19,0.019186211458101177,0.040858916043312155
2024-11-20,-0.019963005789767507,0.039684853682081196
2024-11-21,0.015744522604959954,0.03904772070976291
2024-11-22,0.04325722646747909,0.03788534010101795
2024-11-25,0.005536772065132034,0.038216396770556334
2024-11-26,-0.018576385572935727,0.036982042961472554
2024-11-27,-0.004031553300917423,0.03645478913172659
2024-11-29,0.021149821121937862,0.03541326359131188
2024-12-02,-0.021267488945807322,0.03461587261875278
2024-12-03,0.0032112813968101506,0.03441574655328068
2024-12-04,0.0169420013055932,0.03338599275774339
2024-12-05,-0.017059305651853762,0.03257176156893773
2024-12-06,-0.017832957686438,0.03227435275038843
2024-12-09,-0.028998074163845367,0.032043527482504414
2024-12-10,-0.03125839760241256,0.03263753796330628
2024-12-11,0.05922094514831322,0.03336876715580677
2024-12-12,-0.012752819610207133,0.035825099012672716
2024-12-13,0.0019354064345469268,0.03509662842039077
2024-12-16,0.02980320182630347,0.03403908861583275
2024-12-17,-0.008087038146349812,0.03374537058825641
2024-12-18,-0.08502817981344091,0.03296966763121123
2024-12-19,-0.04404220545236903,0.04106426823748782
2024-12-20,0.0066154362486843254,0.042103388847248215
2024-12-23,-0.008321078746665656,0.040674476768166726
2024-12-24,0.005778420969961395,0.03950858304456669
2024-12-26,0.0007590133191710535,0.03820848097186326
2024-12-27,-0.04085732794223507,0.036998047706135094
2024-12-30,-0.021333390580404732,0.03816578567307707
2024-12-31,-0.03474534716679312,0.03770846554062397
2025-01-02,-0.018862864448307093,0.03824437144823302
2025-01-03,-0.11906166393783923,0.03764637763156129
2025-01-06,0.06389977010346826,0.05080454427388125
2025-01-07,0.04908009780187328,0.05170431381826475
2025-01-08,-0.006829418222350725,0.051337188099403304
2025-01-10,-0.020202707317519497,0.04958335013562692
2025-01-13,0.007482554198131375,0.048341881357693295
2025-01-14,0.0034898675399190893,0.04661177670764259
2025-01-15,0.09218947028458402,0.04496421542530755
2025-01-16,0.08022957117029694,0.04992351133690938
2025-01-17,-0.006185007065747428,0.05261180962476266
2025-01-21,0.007908254088778044,0.05078294414646624
2025-01-22,0.007419036109648225,0.04893833848152739
2025-01-23,0.0380203808624584,0.04717951009193896
2025-01-24,-0.01095980696815868,0.04643775484087093
2025-01-27,0.006962027208858856,0.045036283859664863
2025-01-28,0.01108840929908883,0.04346404548293694
2025-01-29,0.002488223021035907,0.04199763650834829
2025-01-30,-0.006211707754270712,0.040580943188284084
2025-01-31,0.014407477247695866,0.03936532071898007
2025-02-03,0.016629983939288273,0.03815847138387977
2025-02-04,0.02364232017215695,0.03706499951891067
2025-02-05,-0.006502758346587534,0.03626320596482721
2025-02-06,0.027700894764183914,0.03529268225296601
2025-02-07,0.0034140083231877227,0.03479366564897324
2025-02-10,0.01406355434436346,0.03374268378999915
2025-02-11,0.012394399427688718,0.03283589606081763
2025-02-12,-0.01194642092316478,0.03194769152756204
2025-02-13,0.016545821911452485,0.0314357304519214
2025-02-14,0.046374830887046414,0.0307267101585761
2025-02-18,-0.002807709000625991,0.0320850413941479
2025-02-19,-0.009570126894818287,0.031263237459397394
2025-02-20,-0.12896949319709883,0.03069646893438168
2025-02-21,-0.10378291722374833,0.04850255101709162
2025-02-24,-0.034859435752260026,0.056133215118938574
2025-02-25,0.02757817746087099,0.055233354757150833
2025-02-26,0.048214307997229255,0.05354819620862723
2025-02-27,-0.041336176181030915,0.05298698933982629
2025-02-28,0.04335451367079024,0.05273627780825932
2025-03-03,-0.060343129907468374,0.0519291942973637
2025-03-04,-0.020067870945901234,0.05340574335277938
2025-03-05,0.003712473520026016,0.051940271437596164
2025-03-06,-0.1444628627768747,0.050038236383688074
2025-03-07,0.00863268709704279,0.06436114934783986
2025-03-10,-0.09371438261432452,0.0618922634227011
2025-03-11,0.00354826885380799,0.06586596164656595
2025-03-12,0.04023187733931621,0.06332451462505212
2025-03-13,-0.07298879705325056,0.061696423913609286
2025-03-14,0.08347520268705644,0.06339162196368744
2025-03-17,0.02894022684272901,0.06487875746096136
2025-03-18,-0.11331581675709579,0.06273800428874658
2025-03-19,0.05587980564591177,0.06914120205086499
2025-03-20,0.051628294206150116,0.06798405340779515
2025-03-21,0.02938809149268895,0.06665504103409417
2025-03-24,0.1122339329906179,0.06443817293350228
2025-03-25,0.036899129685363796,0.06900926544790145
2025-03-26,-0.07876904470639978,0.0669269217056367
2025-03-27,-0.004500765877540225,0.06864512798582617
2025-03-28,0.0022529150483183713,0.06603669216437387
2025-03-31,0.02258917303283514,0.06349167119542777
2025-04-01,0.016648474268249558,0.06125076943308253
2025-04-02,0.06258449888034168,0.05900300951647054
2025-04-03,-0.21909775226334194,0.05905523650107532
2025-04-04,-0.11174349648383775,0.08547374626693294
2025-04-07,0.03208119208819049,0.08856706696822456
2025-04-08,0.04911065563022721,0.08535737651857532
2025-04-09,0.22332502305048418,0.0828876148944204
2025-04-10,-0.0791736122715152,0.10087779766570495
2025-04-11,0.012394634839340668,0.0997397673062409
2025-04-14,-0.007154533718372491,0.09572755104194937
2025-04-15,0.04339573231740168,0.09193774458251837
2025-04-16,-0.02131914072993446,0.08890253311902349
2025-04-17,0.010030746555086623,0.08567780410240161
2025-04-21,-0.07655244007829598,0.08226680623607471
2025-04-22,0.07910346186990136,0.08236182890323697
2025-04-23,0.041540773645482254,0.08181691801218002
2025-04-24,0.06177944546166625,0.07923429438108255
2025-04-25,0.009022235417796232,0.07776698576239038
2025-04-28,0.018300836656408137,0.07470011660526667
2025-04-29,0.008492795110011109,0.07185559884275397
2025-04-30,0.003115139626153507,0.06904932301107405
2025-05-01,0.030311457671122533,0.06636591648935125
2025-05-02,0.020552032884557647,0.06419207566974244
2025-05-05,0.009561301476543882,0.06187430304799019
2025-05-06,-0.0029322139917908885,0.05952310812867813
2025-05-07,0.0013900152823058676,0.05731639048059969
2025-05-08,0.09686288534587728,0.05517379002201509
2025-05-09,-0.06291246089502334,0.05914687778399827
2025-05-12,0.0419968970699216,0.06013371174029376
2025-05-13,0.04694582765020083,0.05877918668105049
2025-05-14,0.04163787670738106,0.05777893883581235
2025-05-15,-0.026937208891205877,0.05655058425379773
2025-05-16,0.008337706724820926,0.05520304917505043
2025-05-19,0.017584323522390477,0.05315296077719565
2025-05-20,-0.009613242757129825,0.051308992714545414
2025-05-21,-0.03432484755954501,0.049618403174060466
2025-05-22,0.03419251553831071,0.04914020113578174
2025-05-23,0.006134988567516153,0.04807105665968942
2025-05-27,0.028526131194099413,0.04635060356786945
2025-05-28,0.023373667601803483,0.04519368520679013
2025-05-29,-0.0020626296455850124,0.04391018262751591
2025-05-30,0.02322270065403753,0.04244375163458083
2025-06-02,0.012997449902372615,0.04130877619380929
2025-06-03,0.02585169874844606,0.0399764328395336
2025-06-04,0.016099274455606327,0.03908785609040765
2025-06-05,-0.006793070509552024,0.037931281320221534
2025-06-06,-0.005374158620559122,0.03687494070237762
2025-06-09,-0.004549665156019067,0.03584102088413944
2025-06-10,-0.004156784334738539,0.034845000803606786
2025-06-11,0.005362259099597644,0.03389569110534776
2025-06-12,-0.06485200076396325,0.03288803273172282
2025-06-13,-0.07120120688543086,0.037670673146683785
2025-06-16,-0.023779821890459907,0.04247723972891908
2025-06-17,0.013458415901768106,0.041859235682079
2025-06-18,0.046295794666510126,0.04050591205305851
2025-06-20,0.038169654217846016,0.04084668137725565
2025-06-23,0.0005937778507822955,0.04056442991490627
2025-06-24,0.00898847510316525,0.03923469770403933
2025-06-25,-0.022577008297552936,0.03796208022481819
2025-06-26,-0.029829930962198326,0.03759248736628425
2025-06-27,0.04085331744393894,0.03774444169479558
2025-06-30,0.053958411109277904,0.037900558389314554
2025-07-01,0.003850601600285053,0.03919650281562638
2025-07-02,0.01505199693435344,0.037914643001946635
2025-07-03,0.014283478826775386,0.03679835479574412
2025-07-07,0.025481432526613723,0.03572671583310185
2025-07-08,-0.03242420438279492,0.035089713362396566
2025-07-09,0.014835066403940722,0.035678717198591316
2025-07-10,-0.015905250317380215,0.034680200806374406
2025-07-11,-0.005455455914543883,0.03417202645971793
2025-07-14,0.010622232696108291,0.033292953180934066
2025-07-15,0.0030758198881093435,0.03235199084340998
2025-07-16,0.010308044958746265,0.03143518933317971
2025-07-17,-0.01696024152452491,0.030594057146686983
2025-07-18,0.004094466664216867,0.03043988336210315
2025-07-21,-0.016245425734678243,0.029625066926986115
2025-07-22,-0.0010534325314317527,0.029503746961899134
2025-07-23,0.004207088126533698,0.028798549158441187
2025-07-24,-0.05055703028090974,0.028077713288213544
2025-07-25,0.01832293250880035,0.03168428640467182
2025-07-28,0.012596471439781709,0.031016043790332005
2025-07-29,0.0005053282511706669,0.03023584709322921
2025-07-30,-0.008685455068665249,0.029463163198426633
2025-07-31,0.1566698475677839,0.028979959766463753
2025-08-01,-0.05909760827119381,0.051469152325599954
2025-08-04,-0.01954924703358163,0.05287135692219432
2025-08-05,-0.02789047803797917,0.05141533583137013
2025-08-06,0.011762674063072964,0.05043243900441177
2025-08-07,0.00802653613234039,0.0486328942952303
2025-08-08,-0.028897106465554323,0.0468910851966046
2025-08-11,-0.006668519681603868,0.04626674468419765
2025-08-12,-0.00040558549718738846,0.04476432264633394
2025-08-13,0.013698450123139416,0.04323457960833628
2025-08-14,-0.021027260009414128,0.04181496364161441
2025-08-15,0.021370185740777536,0.04109212959025002
2025-08-18,0.026837410539197748,0.03997113791955832
2025-08-19,-0.043402904655570396,0.039125599136769544
2025-08-20,-0.01649008589469947,0.04030992478630973
2025-08-21,0.0013575731042623218,0.039463341717329264
2025-08-22,0.05379554351878024,0.038182678623227224
2025-08-25,0.011973529348551892,0.03943088055349056
2025-08-26,0.02745569560091088,0.03818039887409208
2025-08-27,-0.013116272141863838,0.03747673071709009
2025-08-28,0.02693756529328173,0.03666060254588438
2025-08-29,-0.014573859977239145,0.03603129158971221
2025-09-02,-0.014980437531222357,0.035369363537975984
2025-09-03,-0.011170540603147927,0.03476965930062711
2025-09-04,0.021434560330593655,0.034042990125695276
2025-09-05,-0.0034909716801019286,0.03334088407073271
2025-09-08,0.008986823224439,0.032461788886688714
2025-09-09,0.007467814847521126,0.03154853626143201
2025-09-10,-0.02669995929669966,0.030674854537139966
2025-09-11,-0.03025141715343871,0.03120959522143154
2025-09-12,0.021034001263338986,0.03199818740060414
2025-09-15,0.009847147453615257,0.031410366757821585
2025-09-16,-0.0020823636864077955,0.03056493407585316
2025-09-17,0.036279478631200845,0.029816733223030523
2025-09-18,0.0002644733029617541,0.03033453902892497
2025-09-19,0.03566380168160066,0.029559455081541876
2025-09-22,-0.0026573335002426646,0.030051856717653723
2025-09-23,-0.03316514376945179,0.029346333068675942
2025-09-24,-0.008739479992071253,0.030623356060450104
2025-09-25,-0.00919343373236714,0.030065956968700888
2025-09-26,-0.005643553936714341,0.029562818422090915
2025-09-29,0.061361854234868396,0.02896645426304595
2025-09-30,-0.04006250779491882,0.03241167514994521
2025-10-01,0.04704161158573861,0.034036347767192804
2025-10-02,-0.0017718832155662056,0.03508115519157774
2025-10-03,-0.04930713291954181,0.034071270861744773
2025-10-06,-0.01642284535878602,0.036533262636595384
2025-10-07,0.001919152918381073,0.03592609311537421
2025-10-08,-0.025711872914529366,0.03482460163702686
2025-10-09,-0.0024412584599211584,0.0349073499978842
2025-10-10,-0.08940039320701665,0.033918970284558536
2025-10-13,0.02708698680957866,0.0425450825362965
2025-10-14,0.022304670700834528,0.04155326573477063
2025-10-15,0.02712156314248393,0.040437182816966205
2025-10-16,-0.03059670492135158,0.03957534984286683
2025-10-17,-0.032131514998269495,0.03961738900136388
2025-10-20,0.011289793884083466,0.03977088103007324
2025-10-21,0.05270373290063546,0.03849383843386171
2025-10-22,-0.08497236455312596,0.03960107553188869
2025-10-23,0.04524684533190193,0.0461223897350226
2025-10-24,0.026515885359748026,0.045916031592040225
2025-10-27,0.011184373682857185,0.04470416466491778
2025-10-28,0.019656310005493616,0.043177208851443716
2025-10-29,-0.02304088522911396,0.04189048436352466
2025-10-30,-0.14861440174904317,0.041271103717972504
2025-10-31,0.004806994099606499,0.05924087065032385
2025-11-03,0.08078019858239394,0.0569983310157755
2025-11-04,-0.07023380258096878,0.05889965486293855
2025-11-05,-0.00035514230279432013,0.06061786276998915
2025-11-06,-0.06517594115863634,0.058335078366653415
2025-11-07,0.04663124101757976,0.059614904237055906
2025-11-10,0.058425926780659054,0.05854174959430117
2025-11-11,0.014172398160316568,0.05831522991343217
2025-11-12,0.003999577896400375,0.056170369213201565
2025-11-13,-0.02984465314207707,0.05407035548119796
2025-11-14,-0.0007223051267954972,0.053022498313841836
2025-11-17,0.014998020558318004,0.05109708670765936
2025-11-18,-0.018428231779743953,0.04930810694677887
2025-11-19,0.038739252122010015,0.04800888507968089
2025-11-20,-0.051333197821246124,0.04725230011216803
2025-11-21,0.02172556952040594,0.04834302598567337
